"gridimage_id","geograph_uri"
4700,"http://www.geograph.org.uk/photo/4700"
6062,"http://www.geograph.org.uk/photo/6062"
23709,"http://www.geograph.org.uk/photo/23709"
23710,"http://www.geograph.org.uk/photo/23710"
44500,"http://www.geograph.org.uk/photo/44500"
47469,"http://www.geograph.org.uk/photo/47469"
67221,"http://www.geograph.org.uk/photo/67221"
71185,"http://www.geograph.org.uk/photo/71185"
85140,"http://www.geograph.org.uk/photo/85140"
103541,"http://www.geograph.org.uk/photo/103541"
117275,"http://www.geograph.org.uk/photo/117275"
121186,"http://www.geograph.org.uk/photo/121186"
133524,"http://www.geograph.org.uk/photo/133524"
135751,"http://www.geograph.org.uk/photo/135751"
136372,"http://www.geograph.org.uk/photo/136372"
140184,"http://www.geograph.org.uk/photo/140184"
170925,"http://www.geograph.org.uk/photo/170925"
170994,"http://www.geograph.org.uk/photo/170994"
237988,"http://www.geograph.org.uk/photo/237988"
247776,"http://www.geograph.org.uk/photo/247776"
250074,"http://www.geograph.org.uk/photo/250074"
253552,"http://www.geograph.org.uk/photo/253552"
256173,"http://www.geograph.org.uk/photo/256173"
256351,"http://www.geograph.org.uk/photo/256351"
269511,"http://www.geograph.org.uk/photo/269511"
270504,"http://www.geograph.org.uk/photo/270504"
276364,"http://www.geograph.org.uk/photo/276364"
282511,"http://www.geograph.org.uk/photo/282511"
287893,"http://www.geograph.org.uk/photo/287893"
287904,"http://www.geograph.org.uk/photo/287904"
288221,"http://www.geograph.org.uk/photo/288221"
300887,"http://www.geograph.org.uk/photo/300887"
302604,"http://www.geograph.org.uk/photo/302604"
313443,"http://www.geograph.org.uk/photo/313443"
313445,"http://www.geograph.org.uk/photo/313445"
313455,"http://www.geograph.org.uk/photo/313455"
314705,"http://www.geograph.org.uk/photo/314705"
316516,"http://www.geograph.org.uk/photo/316516"
316938,"http://www.geograph.org.uk/photo/316938"
335102,"http://www.geograph.org.uk/photo/335102"
339325,"http://www.geograph.org.uk/photo/339325"
340332,"http://www.geograph.org.uk/photo/340332"
341772,"http://www.geograph.org.uk/photo/341772"
353862,"http://www.geograph.org.uk/photo/353862"
356618,"http://www.geograph.org.uk/photo/356618"
363844,"http://www.geograph.org.uk/photo/363844"
381274,"http://www.geograph.org.uk/photo/381274"
390272,"http://www.geograph.org.uk/photo/390272"
392282,"http://www.geograph.org.uk/photo/392282"
400623,"http://www.geograph.org.uk/photo/400623"
414890,"http://www.geograph.org.uk/photo/414890"
437988,"http://www.geograph.org.uk/photo/437988"
443584,"http://www.geograph.org.uk/photo/443584"
446307,"http://www.geograph.org.uk/photo/446307"
477108,"http://www.geograph.org.uk/photo/477108"
487605,"http://www.geograph.org.uk/photo/487605"
500533,"http://www.geograph.org.uk/photo/500533"
501323,"http://www.geograph.org.uk/photo/501323"
501944,"http://www.geograph.org.uk/photo/501944"
504760,"http://www.geograph.org.uk/photo/504760"
514587,"http://www.geograph.org.uk/photo/514587"
520146,"http://www.geograph.org.uk/photo/520146"
526338,"http://www.geograph.org.uk/photo/526338"
531750,"http://www.geograph.org.uk/photo/531750"
533378,"http://www.geograph.org.uk/photo/533378"
534561,"http://www.geograph.org.uk/photo/534561"
540680,"http://www.geograph.org.uk/photo/540680"
552695,"http://www.geograph.org.uk/photo/552695"
552732,"http://www.geograph.org.uk/photo/552732"
566386,"http://www.geograph.org.uk/photo/566386"
569127,"http://www.geograph.org.uk/photo/569127"
570053,"http://www.geograph.org.uk/photo/570053"
576427,"http://www.geograph.org.uk/photo/576427"
576432,"http://www.geograph.org.uk/photo/576432"
599824,"http://www.geograph.org.uk/photo/599824"
600032,"http://www.geograph.org.uk/photo/600032"
632898,"http://www.geograph.org.uk/photo/632898"
637485,"http://www.geograph.org.uk/photo/637485"
638000,"http://www.geograph.org.uk/photo/638000"
639075,"http://www.geograph.org.uk/photo/639075"
657324,"http://www.geograph.org.uk/photo/657324"
660685,"http://www.geograph.org.uk/photo/660685"
678128,"http://www.geograph.org.uk/photo/678128"
696584,"http://www.geograph.org.uk/photo/696584"
697138,"http://www.geograph.org.uk/photo/697138"
703360,"http://www.geograph.org.uk/photo/703360"
707734,"http://www.geograph.org.uk/photo/707734"
709251,"http://www.geograph.org.uk/photo/709251"
710712,"http://www.geograph.org.uk/photo/710712"
712741,"http://www.geograph.org.uk/photo/712741"
716829,"http://www.geograph.org.uk/photo/716829"
720368,"http://www.geograph.org.uk/photo/720368"
727836,"http://www.geograph.org.uk/photo/727836"
737761,"http://www.geograph.org.uk/photo/737761"
762433,"http://www.geograph.org.uk/photo/762433"
770637,"http://www.geograph.org.uk/photo/770637"
779748,"http://www.geograph.org.uk/photo/779748"
784943,"http://www.geograph.org.uk/photo/784943"
792033,"http://www.geograph.org.uk/photo/792033"
792760,"http://www.geograph.org.uk/photo/792760"
796500,"http://www.geograph.org.uk/photo/796500"
810500,"http://www.geograph.org.uk/photo/810500"
813077,"http://www.geograph.org.uk/photo/813077"
813081,"http://www.geograph.org.uk/photo/813081"
813135,"http://www.geograph.org.uk/photo/813135"
813753,"http://www.geograph.org.uk/photo/813753"
817112,"http://www.geograph.org.uk/photo/817112"
817118,"http://www.geograph.org.uk/photo/817118"
826916,"http://www.geograph.org.uk/photo/826916"
827073,"http://www.geograph.org.uk/photo/827073"
827871,"http://www.geograph.org.uk/photo/827871"
827874,"http://www.geograph.org.uk/photo/827874"
827877,"http://www.geograph.org.uk/photo/827877"
827879,"http://www.geograph.org.uk/photo/827879"
827937,"http://www.geograph.org.uk/photo/827937"
827959,"http://www.geograph.org.uk/photo/827959"
836558,"http://www.geograph.org.uk/photo/836558"
836603,"http://www.geograph.org.uk/photo/836603"
837701,"http://www.geograph.org.uk/photo/837701"
840384,"http://www.geograph.org.uk/photo/840384"
844706,"http://www.geograph.org.uk/photo/844706"
844763,"http://www.geograph.org.uk/photo/844763"
844913,"http://www.geograph.org.uk/photo/844913"
845734,"http://www.geograph.org.uk/photo/845734"
845770,"http://www.geograph.org.uk/photo/845770"
862448,"http://www.geograph.org.uk/photo/862448"
865914,"http://www.geograph.org.uk/photo/865914"
870151,"http://www.geograph.org.uk/photo/870151"
872016,"http://www.geograph.org.uk/photo/872016"
872237,"http://www.geograph.org.uk/photo/872237"
876003,"http://www.geograph.org.uk/photo/876003"
880416,"http://www.geograph.org.uk/photo/880416"
882385,"http://www.geograph.org.uk/photo/882385"
889898,"http://www.geograph.org.uk/photo/889898"
889923,"http://www.geograph.org.uk/photo/889923"
907463,"http://www.geograph.org.uk/photo/907463"
911805,"http://www.geograph.org.uk/photo/911805"
912614,"http://www.geograph.org.uk/photo/912614"
914993,"http://www.geograph.org.uk/photo/914993"
916290,"http://www.geograph.org.uk/photo/916290"
917912,"http://www.geograph.org.uk/photo/917912"
920450,"http://www.geograph.org.uk/photo/920450"
920566,"http://www.geograph.org.uk/photo/920566"
922421,"http://www.geograph.org.uk/photo/922421"
922799,"http://www.geograph.org.uk/photo/922799"
923837,"http://www.geograph.org.uk/photo/923837"
929122,"http://www.geograph.org.uk/photo/929122"
939838,"http://www.geograph.org.uk/photo/939838"
940152,"http://www.geograph.org.uk/photo/940152"
955642,"http://www.geograph.org.uk/photo/955642"
955783,"http://www.geograph.org.uk/photo/955783"
956161,"http://www.geograph.org.uk/photo/956161"
956171,"http://www.geograph.org.uk/photo/956171"
963591,"http://www.geograph.org.uk/photo/963591"
963831,"http://www.geograph.org.uk/photo/963831"
963837,"http://www.geograph.org.uk/photo/963837"
971543,"http://www.geograph.org.uk/photo/971543"
971784,"http://www.geograph.org.uk/photo/971784"
975614,"http://www.geograph.org.uk/photo/975614"
986362,"http://www.geograph.org.uk/photo/986362"
988317,"http://www.geograph.org.uk/photo/988317"
1000113,"http://www.geograph.org.uk/photo/1000113"
1003733,"http://www.geograph.org.uk/photo/1003733"
1004822,"http://www.geograph.org.uk/photo/1004822"
1005014,"http://www.geograph.org.uk/photo/1005014"
1006150,"http://www.geograph.org.uk/photo/1006150"
1007347,"http://www.geograph.org.uk/photo/1007347"
1009083,"http://www.geograph.org.uk/photo/1009083"
1016256,"http://www.geograph.org.uk/photo/1016256"
1020626,"http://www.geograph.org.uk/photo/1020626"
1021284,"http://www.geograph.org.uk/photo/1021284"
1023217,"http://www.geograph.org.uk/photo/1023217"
1023245,"http://www.geograph.org.uk/photo/1023245"
1027082,"http://www.geograph.org.uk/photo/1027082"
1036004,"http://www.geograph.org.uk/photo/1036004"
1042982,"http://www.geograph.org.uk/photo/1042982"
1048120,"http://www.geograph.org.uk/photo/1048120"
1049298,"http://www.geograph.org.uk/photo/1049298"
1059542,"http://www.geograph.org.uk/photo/1059542"
1063620,"http://www.geograph.org.uk/photo/1063620"
1068829,"http://www.geograph.org.uk/photo/1068829"
1077029,"http://www.geograph.org.uk/photo/1077029"
1082428,"http://www.geograph.org.uk/photo/1082428"
1084149,"http://www.geograph.org.uk/photo/1084149"
1085214,"http://www.geograph.org.uk/photo/1085214"
1085693,"http://www.geograph.org.uk/photo/1085693"
1086893,"http://www.geograph.org.uk/photo/1086893"
1088399,"http://www.geograph.org.uk/photo/1088399"
1089710,"http://www.geograph.org.uk/photo/1089710"
1094537,"http://www.geograph.org.uk/photo/1094537"
1095724,"http://www.geograph.org.uk/photo/1095724"
1104671,"http://www.geograph.org.uk/photo/1104671"
1105743,"http://www.geograph.org.uk/photo/1105743"
1106669,"http://www.geograph.org.uk/photo/1106669"
1107119,"http://www.geograph.org.uk/photo/1107119"
1113855,"http://www.geograph.org.uk/photo/1113855"
1116452,"http://www.geograph.org.uk/photo/1116452"
1118915,"http://www.geograph.org.uk/photo/1118915"
1125977,"http://www.geograph.org.uk/photo/1125977"
1127676,"http://www.geograph.org.uk/photo/1127676"
1131304,"http://www.geograph.org.uk/photo/1131304"
1137714,"http://www.geograph.org.uk/photo/1137714"
1139692,"http://www.geograph.org.uk/photo/1139692"
1141462,"http://www.geograph.org.uk/photo/1141462"
1148512,"http://www.geograph.org.uk/photo/1148512"
1149025,"http://www.geograph.org.uk/photo/1149025"
1152963,"http://www.geograph.org.uk/photo/1152963"
1157104,"http://www.geograph.org.uk/photo/1157104"
